{
  "hash": "1e499547",
  "configHash": "2522ff40",
  "lockfileHash": "0d84ee44",
  "browserHash": "d12d418d",
  "optimized": {
    "@angular/common": {
      "src": "../../../../../node_modules/@angular/common/fesm2022/common.mjs",
      "file": "@angular_common.js",
      "fileHash": "faccb13f",
      "needsInterop": false
    },
    "@angular/common/http": {
      "src": "../../../../../node_modules/@angular/common/fesm2022/http.mjs",
      "file": "@angular_common_http.js",
      "fileHash": "cd298fa3",
      "needsInterop": false
    },
    "@angular/core": {
      "src": "../../../../../node_modules/@angular/core/fesm2022/core.mjs",
      "file": "@angular_core.js",
      "fileHash": "00062205",
      "needsInterop": false
    },
    "@angular/forms": {
      "src": "../../../../../node_modules/@angular/forms/fesm2022/forms.mjs",
      "file": "@angular_forms.js",
      "fileHash": "3a182ddb",
      "needsInterop": false
    },
    "@angular/platform-browser": {
      "src": "../../../../../node_modules/@angular/platform-browser/fesm2022/platform-browser.mjs",
      "file": "@angular_platform-browser.js",
      "fileHash": "c8b4fd6c",
      "needsInterop": false
    },
    "@angular/router": {
      "src": "../../../../../node_modules/@angular/router/fesm2022/router.mjs",
      "file": "@angular_router.js",
      "fileHash": "2749124f",
      "needsInterop": false
    },
    "rxjs": {
      "src": "../../../../../node_modules/rxjs/dist/esm5/index.js",
      "file": "rxjs.js",
      "fileHash": "d09575c5",
      "needsInterop": false
    },
    "rxjs/operators": {
      "src": "../../../../../node_modules/rxjs/dist/esm5/operators/index.js",
      "file": "rxjs_operators.js",
      "fileHash": "4179f7ae",
      "needsInterop": false
    }
  },
  "chunks": {
    "chunk-MNFTPO64": {
      "file": "chunk-MNFTPO64.js"
    },
    "chunk-EFLIE2ZR": {
      "file": "chunk-EFLIE2ZR.js"
    },
    "chunk-ZWNDC3LI": {
      "file": "chunk-ZWNDC3LI.js"
    },
    "chunk-W3X75722": {
      "file": "chunk-W3X75722.js"
    },
    "chunk-OYWHLYGG": {
      "file": "chunk-OYWHLYGG.js"
    },
    "chunk-TR2DCI3N": {
      "file": "chunk-TR2DCI3N.js"
    },
    "chunk-AFRK53ZY": {
      "file": "chunk-AFRK53ZY.js"
    }
  }
}